{"widths": [837, 277, 534, 1304, 694, 1705, 1006, 1006, 232, 232, 232, 232, 232, 232, 232, 232, 232, 232, 232, 232, 232, 232, 232, 232, 232, 232, 232, 232, 823, 1710, 572, 572, 1562, 1562, 1562, 1562, 1562, 1545, 1545, 1589, 871, 1698, 559, 559, 1559, 1559, 1559, 1559, 1559, 1550, 1550, 920, 1705, 552, 552, 1516, 1516, 1516, 1516, 1516, 1528, 1528, 909, 575, 1561, 1141, 903, 1823, 1823, 508, 952, 738], "heights": [946, 419, 289, 415, 593, 224, 495, 495, 679, 679, 679, 679, 679, 679, 679, 679, 679, 679, 679, 679, 679, 679, 679, 679, 679, 679, 679, 679, 645, 867, 465, 465, 764, 764, 764, 764, 764, 650, 650, 352, 641, 888, 376, 376, 674, 674, 674, 674, 674, 477, 477, 640, 886, 285, 285, 527, 527, 527, 527, 527, 633, 633, 657, 490, 775, 734, 681, 1019, 1019, 1042, 901, 865], "times": [6.7156922817230225, 8.412441730499268, 9.725574493408203, 11.14544129371643, 12.650375366210938, 17.360569715499878, 18.949708938598633, 20.422534704208374, 21.951237201690674, 22.46774911880493, 22.979774713516235, 23.49224853515625, 24.028326272964478, 24.54862356185913, 25.03628134727478, 25.56098771095276, 26.092909336090088, 26.60170602798462, 27.106566429138184, 27.662344694137573, 28.19068145751953, 28.70278549194336, 29.227146863937378, 29.731679916381836, 30.271186590194702, 30.795441389083862, 31.364323616027832, 31.91653871536255, 33.80967998504639, 35.83424425125122, 38.0796799659729, 39.78813815116882, 42.061508655548096, 42.669147968292236, 43.27455925941467, 43.874677896499634, 44.49827241897583, 45.12755823135376, 45.77522826194763, 46.499464988708496, 48.28872752189636, 50.02544546127319, 51.93419671058655, 53.35515284538269, 54.731706380844116, 55.32055425643921, 55.91207027435303, 56.49588894844055, 57.07691240310669, 59.26638698577881, 59.846351146698, 60.729886054992676, 62.19556403160095, 63.94455075263977, 65.1896812915802, 66.32161045074463, 66.86255073547363, 67.48617506027222, 68.03418970108032, 68.64986491203308, 69.3395128250122, 69.9472382068634, 71.43635892868042, 72.76915836334229, 74.60951662063599, 76.1065456867218, 79.85209321975708, 83.29869818687439, 83.89012622833252, 162.11475443840027, 780.1030595302582, 782.4875576496124]}